id,Churn
2258,0.34775990607640933
3864,0.4748456179805959
1391,0.8470240004024641
486,0.9241880531224671
970,0.16857116512207923
4105,0.10647544175309107
2433,0.25281033176891643
3423,0.6245794076337077
3504,0.07231747137645214
3640,0.5732356586636874
4976,0.21618262948403166
3755,0.8532258492914557
2229,0.21097984964534652
1774,0.13276878274314718
4479,0.9747230403480308
281,0.8261766357018833
739,0.6116079267113068
1136,0.8986193252849723
1828,0.1222505195493161
1900,0.800656588745067
1360,0.9112283500029336
1977,0.9249681266162006
3061,0.05969299064243169
345,0.9245474847719232
4191,0.031407875564122736
1800,0.9374131418844585
5179,0.15811469024458571
5063,0.1369027248136747
2184,0.8606861839732566
3386,0.05201058098309944
3980,0.9052910405912372
2694,0.858372100674556
3383,0.8047127336346668
4160,0.8525355657101686
3215,0.7412853334790837
584,0.4895260870856503
2926,0.15092071425406015
4886,0.8790038465048605
4431,0.06649282733627035
1639,0.8662270565900848
2892,0.852427605746643
2514,0.3309349051525712
1250,0.6736421570596485
2477,0.49670778641863683
1926,0.789634627380009
1608,0.8618209826914263
688,0.27386930856769626
3258,0.05170489164537228
630,0.4046815332289849
5095,0.6129916020863215
3491,0.7987137660461993
954,0.5304598075381739
1168,0.07326713309174397
771,0.8599198900259292
2779,0.03335333988585168
1060,0.7332794335730467
928,0.6837023653818067
4587,0.257700045245316
298,0.912573184389614
829,0.19246322356891865
1709,0.946712889538998
4986,0.6142110964954592
3982,0.8071638224186231
2885,0.6374999058329792
1912,0.436853713430954
4312,0.03854223674456556
2309,0.5859805139305039
1942,0.8510492938874842
2369,0.20899833461668815
4172,0.017627843577463387
4087,0.26352928636228884
1674,0.6491009905593718
3836,0.17001539789916884
958,0.47351125896864427
1468,0.3756912123106705
1686,0.08626552327579999
911,0.7796701022754716
2528,0.7662635683878256
2629,0.8796273057822318
4084,0.8032338078474409
46,0.7362497926048941
1096,0.830781167142906
3108,0.05080485874563148
151,0.8506243125605938
1629,0.1559956326058831
1187,0.5825642972368974
24,0.5908549702224419
2431,0.7794118669957573
1160,0.8232606707312669
607,0.5155835744228141
1666,0.20924976836271586
4783,0.32507030646537793
2085,0.6051453717953656
1573,0.12078190300571405
4887,0.09946021267217409
1166,0.1279530779842709
3671,0.04862849186620253
3942,0.03612256308233746
4557,0.1370763580986439
2648,0.33790591129932424
1228,0.17536061340258915
436,0.5992378871424838
2160,0.28810127950010245
1903,0.7629327660415312
1234,0.499674462822939
227,0.9133082541156139
4189,0.6648431501379143
1100,0.08984752385543451
2054,0.9508553870673457
4685,0.9487031237782633
2703,0.9063101319236553
433,0.7611016223818414
424,0.11079972439082665
2285,0.8096413044506059
4128,0.14832176755027954
3463,0.4473309823654283
2971,0.6184261671023917
289,0.5269695916618704
5210,0.07930949051786364
381,0.9001059624133746
2720,0.4471816474990861
3726,0.13294673358919357
1544,0.681333944636964
542,0.04666724036969663
2660,0.27487471458892526
5066,0.8065348163192109
2136,0.8919346991600341
1877,0.43490336435134164
1672,0.29037613650927374
4718,0.2750721483661302
1630,0.3982461014822339
1186,0.5762464704952254
776,0.5546366328862343
3496,0.09517907965031569
3242,0.7496427567120226
1590,0.10622317318716076
104,0.5014710059972438
330,0.3399386000177792
1037,0.8057482604190612
5136,0.952826682096303
3879,0.30812002850824766
3335,0.5661853214214123
4415,0.08723677727019119
4050,0.20964954083474402
65,0.13104240175214432
4554,0.7833246735308126
3031,0.10133464777153439
1016,0.9189801160794974
5220,0.19070620716839917
3631,0.21089013166914305
4206,0.03937277109884364
1841,0.8618246725582807
2935,0.5073603170748816
3630,0.9495106072602111
701,0.15476456579727776
1683,0.7595732129878375
3011,0.9512041022020523
2506,0.8214376258343612
1469,0.726059315724424
4170,0.9404186468081546
5233,0.956903073268051
2046,0.2278532832601456
54,0.7419371801110206
2794,0.7953790183376718
3474,0.7068445559335134
1012,0.8250133977876213
1963,0.04764321412035651
2422,0.8046478544480419
3823,0.5795101444490524
1717,0.5641351053138626
3090,0.494604475178558
60,0.5347667788574342
5240,0.8184729901086775
3820,0.846965653569915
3697,0.04031800630312693
5047,0.05467524559674109
4062,0.6987931441013999
4281,0.5000460731822964
2896,0.6870347319488409
265,0.053594051568082265
619,0.05108574735447455
4267,0.7189336060950008
1551,0.8012875665528252
3826,0.911641610313453
3055,0.7832515673088388
1409,0.05974155086404521
3085,0.7144461539444321
1754,0.6110714568730126
8,0.7075386653544214
3627,0.7808654664943272
2907,0.9199197647843629
2521,0.8325750653355444
2670,0.8939391376593808
4270,0.6929021148574092
1988,0.33129246068858176
163,0.4370119214714398
895,0.18306236296429065
2396,0.48613926065214974
683,0.8986837602946334
1744,0.24769162226761676
1129,0.10728315892284836
53,0.7389478659820509
5264,0.2184827553987288
1112,0.6399088076559261
1932,0.9289678126546645
2793,0.37041310397104094
1013,0.09137142126286311
3107,0.881502161345734
4012,0.34631152270248333
3986,0.2974439485234285
3065,0.7631529864898836
1517,0.44546475458033546
4122,0.0593129796571571
295,0.8959134210169684
2837,0.5494909930981525
185,0.18869823530918275
405,0.2687870101803583
427,0.44628118330762845
4407,0.35829084273887246
1459,0.9394959909918614
2646,0.4535595280509664
816,0.7152135503451277
4175,0.8800654214277553
1500,0.5881395017318922
4301,0.09226742866255654
949,0.9269263726069545
425,0.48411070637995746
3544,0.3403071609552108
2068,0.25643743858069984
3812,0.5833711916014839
2450,0.938930825599899
4632,0.538127125220105
2993,0.13550860672181536
471,0.710027335944836
3756,0.7198678914431356
4217,0.9070972428528952
524,0.9024210680013122
5165,0.20998644954795195
1692,0.4783633410358018
4932,0.5984487538039585
3396,0.24320166741527383
5180,0.2010577604718377
1268,0.6908506213744138
4057,0.2910896115448695
1263,0.5830606169380309
3040,0.8736853354576684
2273,0.1256842260308348
4063,0.5804838070016699
617,0.39797141732130986
2483,0.21137430607819344
4454,0.9462315352700184
925,0.176094857702536
2312,0.4264592213184249
1557,0.8624110582352217
4623,0.7693501209415469
2773,0.7102164594182488
143,0.9787961220629715
858,0.959574742688858
4354,0.8960789009877573
1708,0.7132633604257912
1161,0.49051855449570425
4450,0.5984443102846961
531,0.06792665179057908
2190,0.054577569714569174
2539,0.053618767318242125
5126,0.4396714671681804
4732,0.24657163909858
2150,0.1427878317333899
268,0.927292072266247
4936,0.21757304936789068
2634,0.2389167396294035
572,0.30222788953392304
545,0.8536213281091296
2499,0.03313695451420457
3183,0.24203361851572877
4952,0.1302862634339455
2099,0.4220306467696546
3015,0.07375150125391956
2314,0.20579851004229574
735,0.03521095364414828
2198,0.9100492003581462
2718,0.4829454941009064
1577,0.660696945297606
127,0.06734972866509276
4265,0.8830008097325478
2346,0.9448479450029583
3875,0.5100041743823291
4344,0.048144088052936206
1040,0.8065348163192109
3101,0.6737255448613855
568,0.22477242889621185
12,0.5539757156182978
3187,0.5290411806403459
5167,0.9518507312258604
44,0.928261644397475
838,0.48381590037823496
1056,0.13901321567805364
334,0.5551215414841271
2578,0.8666623783886265
2770,0.8461638693861214
3792,0.04414045406291672
2291,0.04344822582902328
3429,0.7336309927780323
4299,0.6901080029875812
625,0.8290380773448219
1019,0.503777293718999
654,0.8654714630764627
3869,0.8578556915151957
842,0.34128377580187774
4411,0.5396009312945914
2398,0.026201922770048756
4518,0.931285999805084
1823,0.6863733595235331
3824,0.5707522295435846
1996,0.12177762157835148
1027,0.8323996670268705
1461,0.047581870855541684
2678,0.12569492312079278
3348,0.8896006624117763
1077,0.5694569429955021
5272,0.19506794147139314
627,0.8061402548923557
2672,0.11187296101955395
4064,0.9154416268570669
4661,0.049553108191664426
2790,0.8610781639514138
552,0.15597405684035323
3514,0.11200016224786052
270,0.26242018558448876
597,0.44616858613501265
4107,0.10052728803487167
2448,0.11273411056707176
2020,0.5143164052173795
5079,0.17612349623493184
3837,0.9497599309456671
4847,0.8744390103248326
1595,0.7953284803930941
3943,0.9715047076534329
1343,0.17220491982299563
2752,0.6756271520404941
17,0.07585036177110308
601,0.4123780914061268
4791,0.38191859724891264
2037,0.9644417165833316
3591,0.5325823620730485
1245,0.4786308114692892
4524,0.10460550626173817
3663,0.37020305975785694
3082,0.910092707088228
2510,0.6014133180244596
4823,0.8075735137164868
1512,0.1964098522471627
177,0.11411818796439475
1688,0.18764488602483598
4114,0.21603287609815078
489,0.9381348938493249
782,0.9214930113714502
2185,0.9287420263516472
959,0.4356127608876118
4941,0.7936369791185404
2227,0.6354720688491406
2411,0.9191912194392159
3681,0.057287472092674215
3044,0.7464151778022922
4331,0.6439019813679716
2358,0.158830594142481
3642,0.26143002573413476
3567,0.1092187816383603
5022,0.23306113757896713
67,0.7640529710387891
1348,0.908867187775494
406,0.9310927397612783
1765,0.056680365008696686
2747,0.36104683320037495
3207,0.14440189146577012
5114,0.7905625221750803
3110,0.9174899651701215
2941,0.2970084244492281
1705,0.7658983928291824
4155,0.6750776554806551
543,0.38033324318029044
2186,0.5304591333084981
1321,0.8625445350341354
3569,0.8692021684364797
638,0.6136185829413449
4950,0.10371040199426505
915,0.3651107446296374
1910,0.8306270099514497
4275,0.28729410550188095
1210,0.9346743938085427
801,0.8083100588977695
3899,0.8379859555366396
2414,0.9603267989177092
1514,0.0464176230420536
4490,0.9411950998976668
4188,0.6466658558091277
4273,0.8624806417710633
3324,0.6796391964194103
791,0.07288920757202523
1791,0.5340974824783815
966,0.7961230102236738
4177,0.7807255881509805
1390,0.5781917662738022
2240,0.05390264125149668
3711,0.5659721577482281
3553,0.21343284368203472
4618,0.8996754856244198
1564,0.050027653760638315
2492,0.03486477162640278
1756,0.5096467450724783
1950,0.8545436192929293
2015,0.048329237953834064
4867,0.9502730335934962
3953,0.08240257088334607
698,0.3373880841173723
5048,0.759085461119055
5184,0.42448252967777567
5243,0.04427697416356705
2821,0.9568520964286199
2,0.8506521031937473
1805,0.9652940626115308
5248,0.09964119926576259
325,0.8725929388596618
2650,0.6198265820831643
3960,0.17104855362394214
1335,0.14318538051557755
3909,0.6973335217355091
236,0.1802990616925456
5037,0.9071814048949479
1535,0.8013313481341505
108,0.5819679603416653
1189,0.9431398951847311
2259,0.035891725071716306
2956,0.3721471097053148
1572,0.8529679392222176
4358,0.12043633281835256
2300,0.14261880360956514
3204,0.08486987204345214
3644,0.708822712955539
4483,0.0352275094521506
4805,0.5994233960017962
19,0.8409506816616797
3759,0.3349602472208162
4720,0.28848994987411436
900,0.5137083502687049
3523,0.18290784146463018
1073,0.8970011072313876
3180,0.24552256552287263
1044,0.6134848689584564
633,0.17034063905718322
370,0.9726671535913272
3896,0.2574088330798751
4749,0.16836576039248624
512,0.23261141053731985
4918,0.537556403474186
2059,0.9105288725224806
3850,0.17489452750635992
5281,0.5851066248947806
1146,0.37719724045715103
3302,0.07134295028723907
2614,0.7596739652280252
4157,0.6554954934727484
58,0.06794372184593377
5245,0.058219461856065274
855,0.8313582448969062
4118,0.3288768219311597
3492,0.9763998958742568
397,0.9427756681011893
653,0.6614547031078116
1570,0.1628503546283512
1429,0.2884221724794372
718,0.09928118304822853
1783,0.7459965834444902
642,0.04235319053328436
1820,0.9441516975179451
682,0.9325185529300192
1601,0.07191605492030839
4065,0.05117634056790656
2187,0.11188357878777508
1387,0.6756325533601423
3205,0.7926151647043919
734,0.07791432551740976
4654,0.1347932587946699
1603,0.050486938637903024
4515,0.39048670251976525
1341,0.9031978054845834
522,0.13694304231005958
1613,0.5912540429972489
266,0.04893401051944154
5009,0.9633111066725384
3210,0.05389455791339965
1339,0.22503928337504653
4529,0.4473309823654283
2744,0.9680731462594463
3677,0.6576296686170009
1276,0.88706688262442
2948,0.5011844352107159
4898,0.5921561461914753
380,0.5235033272830878
4043,0.6870433547685028
909,0.6734037035877274
2159,0.9432833715337798
3193,0.13773233958935005
1620,0.9082769153129946
4752,0.0660407149087843
1193,0.11881254258245862
297,0.834137380866921
679,0.3147472269947375
2769,0.22636067892922937
3282,0.847676547339622
606,0.2726492013363806
133,0.8360504347696599
2722,0.08877015991637496
1444,0.35572313657135995
2050,0.9624307416340454
1323,0.24426819851798004
2716,0.8653747118842132
2979,0.9757637779872292
1269,0.06512176938077159
4025,0.586652594868558
834,0.482073564671488
1916,0.6206951961326007
713,0.451869664728947
198,0.4513734540069164
547,0.5327855560519176
4922,0.30934885402387524
1326,0.4557910155673603
1092,0.26422223905354336
4205,0.5547676359961061
418,0.11112348857413384
234,0.044416460493040974
2153,0.47534444065129305
1735,0.06445466353801756
3610,0.2889084601880364
3839,0.7772859162031397
1229,0.8418975270854647
4156,0.042174942950892
1231,0.6893424496830546
3244,0.10990472661029452
232,0.04896160054821979
1704,0.05909521323350454
3632,0.09719727349675403
4723,0.29227014981476046
204,0.5373681695489563
787,0.13560069700356592
636,0.06014531423649169
3515,0.39470108019005773
3966,0.22801135203476794
692,0.11710772136473023
41,0.8354929599208102
5007,0.046975080698180384
2110,0.9227636576572656
347,0.867286323523634
4377,0.8727827556444663
1220,0.7018379439706663
1906,0.8580304898211123
3290,0.9743793758195765
437,0.3104606251820823
3218,0.32625774703969046
1594,0.17487166613693847
360,0.9467045407331783
3843,0.8547655402423169
3388,0.05924133798450621
879,0.5249792529955102
3984,0.6312842282936628
3167,0.9749862973558332
29,0.9451558567910985
5092,0.050980141691601956
26,0.6382723701294891
1826,0.5815436330080712
460,0.044223605511598624
3228,0.9594231239922524
3357,0.9511214715664865
4614,0.857909764401902
3170,0.7434677648651492
3718,0.3376437595677891
3661,0.22603589526055812
5191,0.05010749241639435
4444,0.9215285656654045
686,0.6467823127952051
4171,0.1885205041396999
3852,0.942265481053963
1875,0.5475991950893635
727,0.07214957202441988
3971,0.21013520851367903
2121,0.03603274930511628
3022,0.8389977007362921
499,0.571389936096991
3168,0.1497912320093283
1175,0.9045028115156117
3853,0.6465117187618666
4851,0.9456445139783778
1290,0.21230588428567357
2857,0.8864752467466583
3428,0.9383963777095318
2807,0.14198676074939368
3465,0.11820189844601295
825,0.579778137175081
1159,0.8935513251796021
859,0.14170339489993397
2789,0.1695805562900854
1313,0.8791317000214616
3213,0.054519769738001045
4146,0.836219790138609
3766,0.3977369324133694
4319,0.3971824688983713
3587,0.7027569760080704
441,0.6422416065218112
4824,0.965334268195827
2640,0.40237263240814114
1895,0.11398136403840883
4480,0.26575448297322474
4143,0.5820218491048895
3647,0.13044293404906449
610,0.1827833311801062
365,0.0667880935535911
1133,0.1942501538633552
5267,0.3734873298517199
364,0.0740403114776154
2388,0.9567756612943251
64,0.9458786867625415
16,0.08216527661717339
3578,0.15230674304575195
1553,0.04924332955075187
876,0.9157019259597086
2437,0.2506396218043447
3276,0.3272803181352456
3142,0.8259838064325455
3051,0.15476027123370292
1509,0.26474826764170084
5081,0.23313224809775446
1381,0.7691613305087398
2454,0.9430087450337549
3566,0.7877629901601054
1782,0.13071439917129513
4563,0.9266703719198512
3353,0.6658556951358342
4373,0.9197232878787864
3339,0.14863166186271295
2846,0.39607993351134163
4117,0.8388626846324908
3512,0.9458382455833438
3295,0.08698237128940946
1739,0.09467267163259309
2812,0.05584608783030529
183,0.39147880562584786
4819,0.5417025336501754
2889,0.3101748603871893
1453,0.904044402564762
4903,0.48855153205164376
4073,0.8286942281629051
4834,0.6404692134718502
2781,0.40000552726181837
4873,0.4427792759193822
1810,0.9213761745110646
3795,0.6107480374643378
2557,0.7200844479709144
5148,0.06110905677578768
1680,0.08536042918444853
3825,0.8108572379212161
3336,0.9037769129805414
432,0.08460372852086136
1046,0.0948677701216218
3141,0.7030440715212967
4748,0.8485505100934302
399,0.9251221648038638
4638,0.06770137513865435
4926,0.8827451366837062
716,0.47030082830443837
2950,0.9606359192816367
2112,0.8662576090317958
2647,0.943348111046187
843,0.6695370630147688
5278,0.21055566177426593
457,0.2808586408140974
884,0.9520040181775278
4968,0.20562011288612336
565,0.024340400814557378
2685,0.09940788417576528
1527,0.6568906361013446
840,0.8419298603067441
1712,0.26329049907244545
780,0.22770746798461314
1839,0.6924826388818576
885,0.04278877903623186
3775,0.9610427497973419
2470,0.03879859930705991
4994,0.9566093024389047
2049,0.7806348500388175
2981,0.25202655448973754
3313,0.37413065769700365
1998,0.9039636659655019
485,0.12804816945204409
3408,0.855759732211891
853,0.4529198603121583
4698,0.0833099621179389
4289,0.4516284479329303
2766,0.7934254154544403
1104,0.3306624666380415
1196,0.7672761212351957
2859,0.5438092135548894
4371,0.18059877202677718
3629,0.12490351250190765
509,0.6721417171614316
5053,0.8993076176124739
5055,0.11764499703173088
763,0.5429192192454739
3617,0.97216058294204
2802,0.8970927728484374
5130,0.33536726473869244
2468,0.8348212044512404
3682,0.7899188378419494
1462,0.9514261478083805
2809,0.9861484375092155
3375,0.9313965862217524
3005,0.43478779939289597
1356,0.4735965491586103
4288,0.7256690920040625
536,0.8911277149396825
5211,0.08435449610860474
3918,0.590289874251173
2442,0.44801407419152
2420,0.10379646208068838
680,0.3670035644622361
3552,0.3780490784828458
37,0.3674162330964066
1059,0.6587783184225535
2111,0.8194014504602873
4495,0.13307281371685103
4568,0.47758025114683644
2482,0.8514239445414155
2702,0.9790278780901787
1485,0.5847031493930465
2322,0.1655107662007991
5093,0.04859630563548257
559,0.7264438487912782
3434,0.8297448592282448
4579,0.4386446133257932
4203,0.27850694848257773
2994,0.0521646895765073
3274,0.22114994425934506
1617,0.9281578249318658
3389,0.8702357597996757
4224,0.972751579764283
271,0.024553373849004276
2537,0.4832253946288386
3283,0.8156747486045844
282,0.8259728364853361
259,0.8689932249975024
4470,0.16508230514385183
2279,0.3887627392109357
999,0.9007874464956267
11,0.27654981722413413
3248,0.20280126383592958
744,0.7110483273882859
4953,0.47558177279286085
338,0.7676328844523899
2120,0.18664514768766519
4026,0.051973611915360964
1787,0.6255299575136662
1936,0.07282205827347629
2628,0.8415123857238179
2316,0.9362037337197743
3397,0.07703557992931437
2400,0.07706092169266779
2953,0.28125190375617604
3920,0.44470342755345005
1420,0.763114893380482
2089,0.5584026281328598
1586,0.4004057473326958
4023,0.11379525638980785
762,0.2320518163447287
3813,0.31929538939866703
3705,0.7156491470244872
1876,0.05365584116830314
2162,0.31082600285395584
3774,0.05945208730141539
2665,0.19819018671209024
1071,0.2056083699810573
557,0.8672491218726023
3243,0.9374068304375643
4550,0.5413768972896266
1852,0.892656098363518
3455,0.4179818870870081
4007,0.7086950778354116
2311,0.8610399182276418
4540,0.7147517915459805
3128,0.6657890552221725
1090,0.07144106021130897
623,0.0566137296676945
4036,0.7508392965420231
4020,0.2613544667432114
3623,0.09475140104436965
3007,0.9089557281255642
1450,0.7060876377574192
230,0.1873840906689616
2888,0.07011804638472804
2780,0.096123356523113
620,0.040026904379385955
1665,0.9642306418511978
3095,0.2034510625590874
5263,0.31418278715398124
1635,0.7784385703051417
2616,0.5302718964538743
2062,0.23113702637610897
1855,0.5125537882904494
137,0.3882626439347898
4606,0.12688934241036157
611,0.9291465199594763
4871,0.8403001782128944
5150,0.06822694568742561
1319,0.0605474689432711
2451,0.8500524223946551
4108,0.2940812744498443
1483,0.13207498668474899
4988,0.7002052647598673
4366,0.22291008520383004
2242,0.4510851578246081
128,0.08945682884246393
2143,0.8375179398017232
2838,0.48925451282858434
3933,0.15319334175612007
1743,0.712329332211869
4110,0.9318478604867023
1102,0.587985897146556
1516,0.7336026075650302
3083,0.7661268520795352
4368,0.9413064860262373
1976,0.5933052454378867
4416,0.8105507919213579
5,0.08392384918812792
435,0.5219854804577317
1441,0.8644460674787159
5036,0.8901959299730227
1259,0.9483828812117585
3310,0.2782315630341474
943,0.5890048549995466
3493,0.9870213059387726
4619,0.7615826223982349
3457,0.7657463049344816
4894,0.25171475789308334
2278,0.13632393356038333
4569,0.9064647778897682
3974,0.8996189582494261
4754,0.5327865091805272
5101,0.3210654779037789
1000,0.8073477258301183
1082,0.8743558516199396
2873,0.6119301098326068
3165,0.8961079724250031
2342,0.8550092469549375
5116,0.4480651485546844
1185,0.09232776745382024
4066,0.08364665787219813
3127,0.5252830648337306
343,0.9112121326646384
702,0.6149148314941962
719,0.6646171228101637
5275,0.4214473413089437
1927,0.7933507240519404
1206,0.06832168379936603
914,0.6137655204797156
2995,0.07829770408650198
3633,0.2689604719524132
3506,0.3840594804895777
3104,0.5310556522486994
2073,0.3374923430059599
3594,0.5470114752644557
4794,0.05104210309808819
2225,0.4532013132179789
3746,0.8514308571855314
5102,0.24891110821162965
4430,0.017939330677455022
2962,0.6583009509184224
4981,0.8964651748146052
4173,0.036596277084987534
2884,0.2123937391416406
2094,0.6589087710856222
3311,0.7229799722938911
1236,0.676249809103022
1352,0.7326612966000297
1270,0.2679814062388713
274,0.16897654862134898
1121,0.3397711009113017
2354,0.21373785910813017
2601,0.828395434565062
3116,0.9095831791637005
3520,0.2965206435692921
162,0.3031183415000116
4209,0.3230435362851425
4631,0.6698211923771829
667,0.5719967533322936
147,0.8017660360430884
4704,0.8704883871571658
2642,0.5276897131798476
2217,0.9221922521664214
3268,0.0443144952863717
3464,0.6859021297729482
2984,0.5260814693979011
3098,0.028738686101506684
3707,0.932761261777747
918,0.07714598891475286
3013,0.7513993602309041
1825,0.05861261314590817
1432,0.674022022242678
4333,0.10020524236054089
5082,0.053115205447438335
3427,0.22809556120425895
4604,0.7234654795790736
3230,0.15878507583797075
2471,0.36159128815958225
3297,0.9104710371332579
4447,0.5142213193747048
2123,0.709209465659552
3196,0.03093654644270386
4742,0.9207710278520977
4451,0.1928658323728708
1981,0.402247788611946
2069,0.8925632079071149
3209,0.04795458915311689
362,0.20527481719577956
1622,0.6581693886860736
1410,0.031084303041270744
1902,0.563026460497006
2862,0.20149976198768169
2580,0.08555974736701528
2435,0.26771176221053306
340,0.5152500289946045
4369,0.7516284574943377
2964,0.9662879454228924
564,0.3883611558865744
497,0.08785034691785391
4202,0.972387317651279
2681,0.829469384485247
4827,0.09590057158686438
160,0.6844199284822787
2584,0.9434797300748056
4774,0.05676656868085541
2858,0.5447840119348204
430,0.026169805622474347
2172,0.9198979665426944
4497,0.8830333895197439
1148,0.26276581070743305
2861,0.5319383599443979
4314,0.7350110366018273
3521,0.568301275180617
4349,0.9460689879959745
1386,0.9476406231985557
1838,0.0651513556758756
1423,0.05220478217453739
650,0.21033147460851634
3028,0.8888501949920464
2977,0.26413038090048996
1946,0.19642898645438714
944,0.08772288619528018
3780,0.8329130740203735
1893,0.7562943807772758
1967,0.39416802604242746
4884,0.5346115023240301
2051,0.15153240471421356
2452,0.9234330712272949
4730,0.10602423677721903
1650,0.5135707685504363
110,0.12518385672095375
4051,0.22496834602541066
2845,0.2041980295881721
1214,0.8610025727786985
1034,0.19819978639405997
1706,0.6070418447283523
1324,0.9273810044577828
2753,0.05758740571415457
1298,0.1799872126654812
196,0.3065379827591847
4766,0.1785542289348595
3842,0.08241074257808469
2091,0.983963885477125
4360,0.7025705395162268
1593,0.04302480261495332
733,0.7691917361509917
2381,0.549983280022228
2869,0.09900461562771942
972,0.25509332621410735
1836,0.9185769813866477
1724,0.26161943544648214
123,0.2432335731842917
2357,0.12558565345437175
14,0.9224326511264948
4637,0.20101910190116332
3510,0.18979082149180676
85,0.7015807087039537
2682,0.7361880101447762
1581,0.26734619242218743
4978,0.9134151823719078
5200,0.7019472183703012
2806,0.1589619210192641
1819,0.8113668934488166
199,0.7186356378637447
1534,0.1645988375896987
5212,0.7381014909736162
1943,0.6688232546888241
1177,0.35101260946663254
2949,0.46360537887545794
4963,0.9396729570606159
3135,0.3425375230155823
2434,0.6788182319854738
1648,0.9514824661506932
1697,0.7254777457701759
889,0.8377641901727741
2738,0.14744475351626324
2135,0.15498455687215387
3448,0.6946232692378969
602,0.6095718642366998
4651,0.08442640154462529
4548,0.12420721261049371
95,0.3068198221379127
523,0.12746299825071514
3279,0.7785101844992887
3224,0.31484709341745737
3062,0.04472740773423625
3529,0.5336688938819427
938,0.7637092394987652
3332,0.6078539510137304
2997,0.7378726138235527
3576,0.5248812766772912
1154,0.5828691980521746
2772,0.8974892960539645
2075,0.05994519700444231
3364,0.37872665988254905
2801,0.2920927254604426
1691,0.7012373553359786
3077,0.7262056797547323
1277,0.060394135046198595
4055,0.6342104503151363
3602,0.890152498731294
1145,0.6511492198427361
4665,0.926736357495305
3539,0.34224004835797817
1427,0.5742716632335234
4317,0.9785140748044284
4716,0.6011436756417776
1524,0.7859765536219752
3068,0.040501388394513615
4438,0.7512352822702407
117,0.6624489190237939
2083,0.0958789281784979
3702,0.28511999390377196
3551,0.09318070973394345
2475,0.8256560624613227
903,0.6675119229327899
52,0.3303743155967793
2245,0.8215143071828532
426,0.08807731056410485
40,0.419788122687357
4060,0.3468674572193741
3088,0.4191840266800628
4059,0.26225879174662614
704,0.3508170005465636
2092,0.4485004485390299
3418,0.6683278623253452
3223,0.14435712813341878
3045,0.5747272515669873
2339,0.16197100096853534
2891,0.3702469526924672
1954,0.8369046276894281
2001,0.6454740715777366
5214,0.8485703476876023
656,0.7286061545574214
357,0.08974005022747258
2944,0.8350791355653115
1824,0.4475923213585325
2439,0.26042149057426967
1741,0.900377201244202
1230,0.4154404167630163
5049,0.6356830246374914
2798,0.9825626207111777
260,0.11883404932457463
705,0.06976762836137694
3100,0.8980040913574536
1243,0.8481488666335751
3849,0.5233677386006097
349,0.6962309707547423
675,0.22453435532149357
3020,0.052068186445744256
579,0.7539526143847735
5113,0.25049787671111096
3461,0.2732655039027014
5261,0.09994663545683513
4482,0.19151389759405182
5024,0.23304628680216385
1448,0.9323662450636307
4572,0.7302120757430263
3530,0.783234712331761
2600,0.07696331655414214
4283,0.197693332439149
3033,0.10234923701774662
3381,0.9406945584856751
3466,0.28496115216238044
97,0.8183266731528015
3987,0.6889061882125462
2467,0.6243994027389931
3089,0.09184184645410633
2461,0.3152518014902871
5163,0.810726764150218
78,0.2874642367598433
754,0.2622028802785505
4008,0.6559866532434486
4106,0.950054718869557
1058,0.4241118384682805
2761,0.3170284683538239
3871,0.4643299114002737
2597,0.0747813715444099
2566,0.8680611833067271
1143,0.17147939110496502
5257,0.40252481238738236
2282,0.7949632136662431
1582,0.9750026885028822
1537,0.36696599973140304
2638,0.3796507309743995
2787,0.9799514172888357
1694,0.2265155205477939
4367,0.44089025558967926
2818,0.5010966001709929
3962,0.8983743424225007
1644,0.8950311576467807
4144,0.0979820568937416
4139,0.0920442005697983
1785,0.8941113048080562
521,0.23314120830605234
4365,0.18119057820979692
2232,0.844535768035687
652,0.3905727670137454
3498,0.5344119067467717
1408,0.4803278732650645
929,0.8985237855544088
2377,0.630222259949326
4889,0.13743269529281962
4985,0.4389415821584809
4021,0.29596903725419565
1176,0.2039946111744339
3665,0.5286743429189965
1458,0.2740116397725094
2413,0.6272157965773351
1264,0.8062744496430914
1966,0.878366224732694
4230,0.3219244650395354
174,0.8469613969190712
3835,0.27541508347807664
1192,0.7068538285480988
637,0.11178440932696541
4838,0.12070771145314413
7,0.7834146077187076
4556,0.6922640235612526
3659,0.3247780166880904
663,0.4139519630972771
4832,0.4595553885409678
4095,0.48462254184906767
4755,0.45401812417592846
2456,0.8867301373662294
1433,0.9486743792317328
5016,0.1288898310539112
2836,0.8057563210553186
1211,0.8635624926627635
5138,0.10401958573037413
4356,0.09468604716357856
1262,0.0672536694496971
1829,0.798863277740204
2149,0.7231070817364059
3778,0.7965896459015791
3066,0.7742617780723191
655,0.8453511947863659
4355,0.6132378263768522
4552,0.14616466181655824
1740,0.7988087050014054
3596,0.912680733079539
888,0.05632614713120706
48,0.12412170208638015
4052,0.8568174894098954
3683,0.7474568103055735
2699,0.9084566722601107
59,0.7122658769489127
989,0.3798688949325962
1538,0.05861850460728795
2762,0.6011717821166002
2429,0.9146853048458689
3947,0.45306257345859346
1925,0.9055998367640153
1979,0.263395031884463
2883,0.6998505809040024
4149,0.9616705875847011
2933,0.8543854836663354
1809,0.9181507664256705
3117,0.17414460081025204
3884,0.8560047993327463
1399,0.2125953617603358
2142,0.37201426971488577
2588,0.9551596301904007
5012,0.9085653555631615
2013,0.7796987251177211
3877,0.7467604612153493
2937,0.5971979208156983
3963,0.9305366609685661
1067,0.9351064518597317
3362,0.5981555199232182
4478,0.6971707815270525
4639,0.2844647807170142
4071,0.8227923002419247
3409,0.07457517346167333
3286,0.5795381090642756
874,0.8122866322305453
2607,0.057758357910210036
4286,0.5976349829577516
1005,0.3353441806327548
2732,0.7469001044865973
4700,0.470500625998759
2758,0.9762051901958122
4499,0.9100322122614901
1652,0.8644855305096102
4487,0.9148902121664068
466,0.10359243998409678
3708,0.4232032722083015
3781,0.961805294686096
4935,0.5750283122635275
351,0.48097352493747114
4492,0.14538154815673038
794,0.49395750006004646
2267,0.8086419097870413
5068,0.7827217543440835
1203,0.42258616823438766
781,0.18047399871279118
3239,0.48736992213361674
3446,0.03212778027986043
4086,0.6187892515574028
2587,0.5478204476301927
4998,0.6750973287348254
3650,0.32791389683018246
2677,0.17341483825969917
3757,0.6337380829283545
624,0.18823273327249346
2608,0.67503051125683
4221,0.8801481312600244
1653,0.1884955382229006
3519,0.12300068406402122
2724,0.09699386780505591
4691,0.6744187818976736
4242,0.40356502068540906
5232,0.07352421504878966
4709,0.8464981899662798
3484,0.4723512115994719
3988,0.33769395950486325
145,0.604520675074573
4798,0.9372184501014401
4513,0.28155639049145187
4477,0.1900039560003429
3468,0.959484102597675
4260,0.04637108382077486
4318,0.48040588525670475
3954,0.041625919866508425
161,0.9239994215727856
1938,0.9247687091694521
4782,0.5647256860732836
386,0.5195137331138189
4598,0.10180816589563628
1792,0.732799100218195
3560,0.08523214725419949
3003,0.702155201313967
563,0.0927016526433657
2067,0.21044103938091901
2261,0.8863214790296758
3586,0.07811855687901756
4421,0.7818713377798748
4005,0.3044327862541702
3392,0.12717566408376654
36,0.05389772455953825
589,0.8163037748833413
881,0.487105117418155
2643,0.060187995040329484
3807,0.7510372399560118
2080,0.9123843181161565
2260,0.7001187462266908
2235,0.735371247231646
2378,0.043546491990458534
4453,0.8787636759494589
2310,0.05242727745343724
1985,0.7714541113224727
3112,0.0576848976780876
1029,0.3025830407920696
285,0.8250029662944188
529,0.05800363270885942
570,0.4788281707801704
5168,0.2338698905266089
105,0.18790297145486906
2611,0.8698377861088754
62,0.4205354018974212
2730,0.48526181197578455
748,0.9505204215691433
4305,0.713508877476222
4024,0.8008620764491585
4915,0.23051466299311985
2911,0.18407138227530978
3452,0.36881513952020895
3289,0.6741439433723858
1561,0.5940663743933604
1087,0.8662758041142412
3588,0.7111568100823954
1549,0.927874741694278
3917,0.8501342523188123
586,0.6093383935346468
2985,0.47511571416362747
525,0.1625299078044541
3091,0.6663466025920218
4781,0.04068241500819146
3300,0.8651823803270402
969,0.6194119828872948
4485,0.5514781468609571
4536,0.07714917486449176
5077,0.8427417713357371
1849,0.19257098647189808
3367,0.749052943246356
1055,0.9674881025221244
2855,0.15538421265369148
4475,0.8949154760373703
2577,0.753925235546384
1727,0.14373789510136042
403,0.07360657628519722
3148,0.6933509446604684
1242,0.4801703649105084
1682,0.8190252373028601
2727,0.4321718767161948
2299,0.06354987714404702
1095,0.0708814331209654
1907,0.7529784064537599
2627,0.5160570175949799
3944,0.23387187704019555
3699,0.6135820581524395
2289,0.7789633428525772
910,0.030909198488339888
2360,0.2034547849081903
1135,0.9566343893137431
5202,0.16469950963031982
2423,0.08817224760603624
4246,0.8339082274359741
2625,0.8316464415718592
527,0.22938063464331107
3895,0.3822014154205928
1710,0.9269514769286497
1491,0.8093832636766035
646,0.6362172244001039
3983,0.21960981545247338
901,0.4518909587442347
3603,0.04989561997724091
1503,0.5562812583319754
1249,0.09465138567942567
3152,0.8709701605029813
2687,0.16145260684435223
4405,0.29303920137380535
3865,0.09905728046930612
385,0.20750696526817233
3144,0.9220224144733394
1746,0.1979729589207366
2255,0.11343377799175142
4736,0.5754486430379193
715,0.894275831674544
2712,0.46879570866561854
3743,0.7483074959304324
2895,0.8048882886003033
3952,0.2024219030454472
2927,0.13060016842746122
5187,0.8066110916744892
854,0.20560069588306892
2052,0.7743987251456166
3902,0.2533637194200983
4401,0.7929849304542567
4696,0.35544236826237763
4174,0.16551029124095434
374,0.688240914110973
3253,0.7477251287808502
2651,0.7099047674625011
3626,0.18066173712453185
5228,0.817618090582411
971,0.9411784908973946
3009,0.4802905935047541
2974,0.055286239487241796
4924,0.38654065494185563
4408,0.9300394405811602
1990,0.5779211134858262
4085,0.3275437980467203
2830,0.568620591470847
2183,0.08811750083645811
1498,0.2980871949974186
1369,0.4869727177655048
3291,0.9281371650465812
1869,0.3700548228679288
1696,0.7303705710514579
2972,0.9594809359649479
1759,0.09465375637094413
3706,0.7007813692015323
538,0.722866250583275
2824,0.9176966468335307
212,0.9674949125043707
1164,0.756188632919987
668,0.6296063296821047
5108,0.9542619081778305
3109,0.7448111222000156
2621,0.07544668349978932
1772,0.9658654576656482
3182,0.9069366474816634
3350,0.1198386835216349
4636,0.09124374284820076
5147,0.09119027549633565
2361,0.6164161440785065
3323,0.2659977375435903
407,0.10945791695640131
3354,0.19990759147539378
2464,0.8544686581447636
1385,0.7217118041630495
2364,0.08720204671234422
3532,0.7299814356121747
4829,0.7089709062340486
2031,0.029840917599177876
1442,0.15130983521427369
4061,0.028613313792157275
488,0.10828419536323233
459,0.13825509370907713
2517,0.08577773500021825
1973,0.9038366772020013
4848,0.2467141548759241
695,0.3227059825318434
4000,0.15007822912038973
2079,0.48238525089071055
1481,0.3769198089480454
978,0.9642932519572354
2825,0.08935028458154051
1597,0.8741635896934894
3023,0.1180495450120157
2394,0.3979994991142315
1180,0.8036097135164476
3638,0.38275707529767444
4437,0.7854799485111224
2922,0.1452362247925674
3684,0.14676745581389194
500,0.8664680473116408
428,0.08949781059705952
353,0.4235216509663183
4400,0.33049525874023156
2243,0.665913564570665
792,0.5834406017791752
3878,0.5770661807714489
4900,0.18150329511799512
3485,0.23450502395705786
495,0.43650821013744884
3174,0.8647892646695124
3450,0.06796277189741416
3662,0.7722061950783858
4277,0.14943414538279634
549,0.07673295574761012
3172,0.3876644023600103
4880,0.053464711835005646
5089,0.9354718963579054
2860,0.8384065084860147
4521,0.3332748418399859
3377,0.7294105635646668
1543,0.2198456088952547
2931,0.1158790545777977
3149,0.3229730725446479
2920,0.9348407308644016
919,0.35668732749838994
2893,0.338937741176331
2179,0.8595255254198593
1558,0.43529863488433096
5139,0.20037463211583076
480,0.8527976372646524
5196,0.47500776921695465
3360,0.9199270102074709
861,0.5754369443532094
3889,0.8975270567850071
3150,0.31511558313662036
2035,0.7813141686096974
79,0.07577614266954157
1843,0.7506048656870689
1675,0.13857655656917398
491,0.4200396696966579
284,0.40663978449304344
4056,0.7275716557147371
279,0.08834873484381259
2717,0.9441004980825914
2113,0.6195588160511271
1181,0.9428933546559113
4954,0.7383736890359825
4311,0.691393149102054
2177,0.5328083075416118
4225,0.5027329353559715
2511,0.8848239549103397
643,0.9583873588388109
3908,0.03521789679043036
1606,0.6353478639896691
4689,0.5808199733860498
4410,0.8818756454736395
1599,0.7616297344902525
2055,0.7486681852972319
4332,0.3828946665111937
555,0.8011876836591896
980,0.6772979344445149
863,0.4470689598722622
3562,0.9132015075721334
1502,0.48198623348893005
3475,0.07291772165467394
1431,0.7528247911643611
3703,0.3815140451373456
4229,0.4296008865492194
1327,0.26257289317285826
2622,0.09035167220002152
2564,0.12579276269182443
4045,0.741578421978634
402,0.929743891319273
277,0.9624597872933901
1174,0.9028980835276877
5273,0.7808951588015164
1596,0.06819911947431073
1411,0.9548332143872829
5170,0.2139296564364076
5270,0.950984351910204
3191,0.10226115494962655
3597,0.9471223849454645
3973,0.07147999096349317
5227,0.8269603835925302
5026,0.19861267913088612
4449,0.7995999357318918
3531,0.8300398814211422
742,0.34247941629116285
3932,0.7259700726931875
4425,0.74588599756791
4432,0.06520429492157537
3939,0.7744348996142992
2697,0.9490849689323972
2516,0.24509489882850205
2819,0.6033779939093554
2386,0.21707990021941428
1493,0.18255242846247946
4837,0.9420467088915925
3929,0.33425772022095046
3270,0.4738807763356043
803,0.133606413228207
1050,0.9865647556748682
1421,0.263313552866343
3876,0.6727499063598033
4797,0.16731169204843882
3561,0.6976273022964758
2998,0.8311339272069674
2108,0.8072393537098655
2301,0.04059804874171352
1284,0.8672485627474282
376,0.8912520562173619
3618,0.20495813512067823
1752,0.9760866704540674
871,0.9157055046508482
2383,0.4251552542214841
3957,0.8734869066007547
860,0.13265942868601843
4564,0.35226141389471755
1687,0.6901327899656402
4456,0.077756522378818
455,0.1560561205875969
4808,0.7805557990555915
2833,0.03557002363134299
2936,0.43075679495101227
3369,0.9188388389878546
574,0.2935620087996111
249,0.06388000920924608
3368,0.9637045858690937
328,0.6873005373684121
1957,0.34175990722696065
514,0.03470340249389308
164,0.321846681964209
3016,0.41992536273345443
3155,0.8934788803781799
2826,0.5136731323500755
3370,0.1497569024732052
1816,0.33801295046665003
1107,0.22883717941090143
5032,0.3651864443494468
4878,0.6592119890442385
1464,0.09366932605962411
3666,0.9441564082134265
3965,0.8545234423945156
5199,0.4053714648706773
1225,0.3485508178350184
2870,0.8315550558674789
3502,0.10310529365401828
2219,0.06792523937720027
3403,0.5914199363927406
1101,0.6589733912054551
2540,0.053806067707438406
4068,0.0778486295401466
4402,0.8213806927172445
1760,0.042758388285806304
4541,0.9744762446427919
3686,0.06986432479810484
3913,0.32234884588913704
275,0.09150102502889888
3927,0.062976838442062
729,0.8369111297035043
416,0.8949005658171526
5169,0.9165238083305847
3229,0.08672695196568564
1482,0.10123746465826675
442,0.941224424382918
4764,0.18156999550539868
5271,0.27764821759733777
1473,0.17934325673685966
4947,0.08417452774230243
569,0.13740678462269137
4018,0.5749183377421092
3709,0.45006395472023514
3776,0.9690963646421115
4082,0.4852617887960361
5198,0.07389870260872619
2728,0.9284684729824453
4913,0.7409964158125061
947,0.1250327815397637
1377,0.4809097109629689
4504,0.6346459691832576
841,0.7945934895743583
1768,0.14322488263566943
2341,0.7333013151538672
1252,0.0678881284330917
3956,0.4780015009230941
982,0.7831447241220204
851,0.42011471344473467
3010,0.06713705180959874
3857,0.5943152652523729
2211,0.6255645877116052
2908,0.3146958030892092
1309,0.054275360620957974
2520,0.31622796387637947
5151,0.2765795476341337
1789,0.45210381298013214
3304,0.2392889541098075
4826,0.8994241787409355
3999,0.24409644814194995
4147,0.7191803983130374
1438,0.02771477313879047
2044,0.6412592024759884
640,0.5195483386539561
3609,0.7151185382915504
3601,0.9851385199087906
2612,0.106281133538991
2203,0.2573029453944266
2048,0.8695970815755443
3048,0.670585765402002
1417,0.09041242922167934
4129,0.2273517726053376
3121,0.766215429507567
2877,0.9211858985770429
1928,0.8713857987646562
3277,0.507056465811205
2519,0.08957962166451042
3479,0.407316038791035
1015,0.7945335074674281
302,0.7474346390208054
2569,0.8864025876891426
930,0.18322122509860844
2376,0.7575901910328244
2507,0.7481016455940382
2410,0.7330035449419217
326,0.9414908255327473
1068,0.9212243659950962
2748,0.9211211068595407
4592,0.20630496662719194
2954,0.4463124747355494
1490,0.0671221436025493
4109,0.8566484464104772
2841,0.7833532375552331
1623,0.4695508177726763
3541,0.9448863903344981
788,0.17248783495388972
628,0.3697712578054553
1265,0.8591507867377397
1063,0.8940276550484831
4896,0.5682348167092208
118,0.8954625392734392
2349,0.6956935929546278
2021,0.2234087883560424
3462,0.9161150467451187
503,0.9432248492917493
55,0.608942418400501
3892,0.5536614616015862
226,0.9520599102210829
1310,0.061405371603450026
2811,0.619442948212606
939,0.911837571953837
4649,0.25149533568252336
245,0.3456364157495334
476,0.4106767744490682
1128,0.07491507298011638
2556,0.13418102717059546
4862,0.08485529960775869
3256,0.26561659837310664
1592,0.5510291803921274
2573,0.6823443304784518
296,0.8555843344121742
2554,0.11888114339309458
1367,0.4070169053664653
5076,0.9017773203867571
2098,0.8298232937468846
3273,0.6136278672999421
2675,0.6090861073142491
2210,0.35323324483619434
1515,0.9101990411728301
3972,0.04158447072796703
139,0.3470406028937833
5006,0.89510285770239
2087,0.04255718597956678
2550,0.5767825088200217
2966,0.05102046972809725
2695,0.9608771686401542
1251,0.1591939732616954
2171,0.520596196338335
3784,0.8672712810797778
2126,0.9681804263054272
4325,0.8632023919735969
4741,0.883896143072948
4815,0.3650247808308976
3469,0.5241271924841262
4184,0.5190512041972606
3874,0.1382215951642585
4264,0.818832682416608
4251,0.05776960349843361
3432,0.8543483380314671
2760,0.9314293970503729
4345,0.7094994355066541
3316,0.964793985981758
4542,0.42077342455361644
2602,0.18872071135592197
4213,0.868034122030582
2384,0.5711789529868277
2457,0.05485573373551629
3749,0.44947877248853724
4342,0.12826824914485188
2363,0.12078742854706175
1197,0.1503698701504029
3012,0.9348818172683874
3533,0.04795194381914107
977,0.2004950277644435
313,0.7462723200370088
393,0.7408304665579927
3151,0.12031266943863508
2402,0.5255443477870848
4053,0.45620833645672565
2276,0.03686351168282675
4296,0.08473802121654238
5073,0.2907522091971423
2633,0.9679211971164269
635,0.8371148000357275
1325,0.904643363970446
2280,0.6085809375287353
4386,0.8959127534462439
173,0.11779992892960034
3488,0.653003253305009
3509,0.8146941889681844
1494,0.6693295622304571
2214,0.11038844333994514
4232,0.9017566218985262
1777,0.7790698246312836
847,0.7404987863864385
2489,0.3879748363775368
526,0.9230515977189077
3467,0.9097685470067371
4795,0.08120245068420483
2022,0.9163203861776779
820,0.188963196056732
130,0.43062509156662
1846,0.1035120024771877
1354,0.7783555343359947
3018,0.7915849827637316
213,0.8943517444521494
839,0.8832924992362408
2946,0.4333104648902615
548,0.3209826490138401
4511,0.7215466168209754
439,0.28282039394877095
1958,0.9676488671220451
225,0.6287447935130817
4535,0.43515183326745027
159,0.14469780391875822
3030,0.138703526634351
1454,0.82797856621533
2244,0.15715204672391614
4726,0.03253817386154179
4382,0.09506597689897758
2991,0.4897332699255924
581,0.31366650600950846
2986,0.541007058582582
3410,0.4601352197932965
4934,0.7904301831216829
3898,0.39887583215510525
609,0.38309095007367855
4812,0.4750714394095184
1528,0.5860804152360313
1169,0.1444116380561859
3250,0.9078682445900447
4784,0.5904010118520943
764,0.06754178923509829
3790,0.7676944753504948
2494,0.43182856418213644
1017,0.38981881963359416
2939,0.689075425048476
319,0.13857627357886154
4428,0.1075133622846559
3838,0.44831213364345446
1199,0.36534107153719403
3120,0.8926833952377989
1119,0.5188784452449624
4092,0.15446445842795298
4434,0.9126789973856717
4304,0.44338695670000233
2274,0.0854375225835433
595,0.6484605068501773
809,0.26769245923735724
2957,0.1209957035937164
3860,0.8942527607041629
721,0.24852604944920392
3810,0.15047255213016153
2613,0.0689888719578586
3923,0.9443857391200847
4929,0.062395701492418375
3660,0.450457487422539
367,0.504921003268515
1322,0.05578468522653646
1285,0.16210683049910596
21,0.9152653764972914
3991,0.32813743513443
475,0.1285506583641378
4398,0.9625391997025232
314,0.7929686975045566
3888,0.8144279747591603
2709,0.9766936284098487
4996,0.46912597692829844
5131,0.06105147197463386
3606,0.5248223184704186
4362,0.04111697804381526
2501,0.9096640357244287
5072,0.10807867003386264
3540,0.3655182100003515
3652,0.8721909680378516
707,0.44972271919817464
474,0.5815548790026632
4526,0.8942721554727524
5255,0.09899397848423536
3053,0.7698134274778515
1934,0.6723280685229355
4457,0.058874230063045804
1587,0.4619641175601289
2167,0.8096407589689185
1198,0.8454174462605198
1702,0.409144522622358
1212,0.8888120684810692
5274,0.8520589453763703
2595,0.9349095358597967
1320,0.10932700182447531
3905,0.09209918936220839
4185,0.9602313731684664
3094,0.6408859444946671
3188,0.05845140759509921
1837,0.0731540053508029
1555,0.5408752678210129
1668,0.6381892630520022
4481,0.20868334976908973
3719,0.4791156149407735
2553,0.09971256561937657
3949,0.797447572125766
4940,0.6604207194899497
3868,0.05262175815908601
648,0.619144270341462
2963,0.2924568488585279
3847,0.6958556064845722
222,0.55953943780567
293,0.17882060204363198
2820,0.12330431785362406
154,0.2917049948745745
4136,0.5662255011958857
2719,0.5231206449836732
1525,0.3188725334259271
2969,0.8192176375330537
2408,0.7765942179238405
3998,0.6850583510797714
2848,0.08239043266174488
4708,0.35656713728344
287,0.2858844405850724
3881,0.8381791914348774
3132,0.11322928751715455
109,0.651385294205176
4818,0.16372476910675954
1224,0.166347688829531
515,0.0667248521956077
5224,0.06384141333516193
3592,0.8484336327918964
2347,0.09876109954530814
323,0.3074353363276577
3413,0.9201266004265449
1576,0.8141628227713411
3821,0.6299747152528853
5064,0.5450060487823466
1695,0.9361542974200419
3278,0.38298701292303916
1474,0.4487626290903987
315,0.1739280469763852
4351,0.504622753627384
1299,0.11552319533304439
3992,0.9358687930374311
3806,0.9847554066537407
3829,0.894361807007084
4359,0.7995488462281773
2938,0.584202280924277
4610,0.06445611459042498
4525,0.28827223552218817
3527,0.15164888282382769
2039,0.9401531113806438
1117,0.8129934086702896
144,0.09190608149703826
3740,0.2148593177750311
1941,0.4653374105606608
3976,0.9434618313225188
3635,0.9535332749459332
2630,0.7796782045678646
5190,0.35332560964213466
777,0.078704748494336
1882,0.12505929990627077
410,0.822697871256666
795,0.0868394533748645
2754,0.2060552605397677
22,0.4547067539667295
2208,0.043767643772970856
2325,0.9190779645681868
4151,0.32335581646648215
5135,0.5786566769996278
4589,0.15287699426665857
3651,0.40296223909349643
1545,0.2112543308509048
4951,0.9393958843810281
3528,0.0363657893834666
5189,0.7495054972996661
4125,0.5453806152525356
317,0.9032262066831124
4233,0.15579821961314444
4152,0.36663429817877313
3476,0.768038497784069
4257,0.9214646202415387
3063,0.4021444511319167
5205,0.8229432321957387
2256,0.7515533269611335
5054,0.7233878588345972
178,0.26241544020886026
3924,0.11348748957613129
4553,0.20442547238240033
4577,0.6723149530717201
866,0.13225330285752543
510,0.15611529495805357
4,0.21342066707937538
3459,0.05901533245824756
4441,0.43897280395168436
1081,0.8896648273721992
5265,0.9639978039115924
894,0.18488194904979677
4655,0.055553541162107076
3431,0.15512959257882541
2416,0.35639893568912895
5269,0.4662265236453317
1465,0.06079467001008309
4841,0.32831085175406544
1991,0.32868425695547865
3025,0.15421047692972945
207,0.219915598960087
5056,0.14118173613006524
2027,0.23440691692566862
4127,0.3444422746413832
1216,0.3857720080550969
2374,0.763835580537095
2978,0.9124218685498078
1552,0.047441152972186436
1331,0.5355476855344963
3910,0.23804708220751292
4113,0.8689443541967216
383,0.9461747158406181
4414,0.9690685400306237
2689,0.09324314830756955
1779,0.04949945803866297
5280,0.8146800480299414
2440,0.9540681349066535
986,0.933572087170357
368,0.15437424928604404
3753,0.7887725595156606
3050,0.45351198909285456
1533,0.9632786805340147
1337,0.28776974982067804
1351,0.2797358112000101
4508,0.5473864498375816
3803,0.816082143023447
3414,0.03784417109855922
2008,0.851569989608434
2324,0.9531988738976918
4153,0.04572300456633717
1492,0.7500282419807879
4620,0.4266998597933627
2615,0.8942444510429829
320,0.6462828136721512
659,0.043951989305722576
516,0.8000725594481162
5069,0.5476760092233639
4727,0.9768160693915853
231,0.6774419150425909
3093,0.14836015439918362
3124,0.18670497312106793
431,0.10504415136276939
2469,0.042087296565752386
1583,0.6694161227853712
5119,0.5861910917707575
773,0.5494969500337044
5118,0.047860585272431665
2265,0.4025276474450676
135,0.8571275429827586
2474,0.28413414863010195
3147,0.8462405833148252
142,0.1464842769410733
2546,0.13227198376489738
1742,0.32133578475932456
2620,0.9537784507951702
3580,0.5123183969696131
3363,0.2130696830202645
415,0.9496208187344589
57,0.8000623251292845
2866,0.21085958896920792
4905,0.5457173794893377
684,0.30958289802495614
1023,0.18598346724683026
3668,0.5369993479593951
1637,0.7817694174920201
835,0.500893094794201
5107,0.8489001553132753
359,0.20793572359624624
3958,0.983906537480203
4075,0.8465509462126659
4528,0.8124468987116553
2545,0.667691851192172
4822,0.8861081270343756
832,0.13248247729849721
2313,0.9383652899715142
2382,0.1516418179633064
4879,0.8319984872298158
168,0.46903224161857976
3138,0.756384655696288
453,0.935587392244297
2034,0.794631910049104
4776,0.9725568173315545
3399,0.6463658886107082
4964,0.2245950964690133
3328,0.13761506999721726
2746,0.10456589957818364
2544,0.4250855240769001
0,0.09218749398601409
2169,0.9099535424656381
4920,0.6849235115122736
4843,0.7303963988867276
2106,0.1790574036321076
2368,0.3952371127800738
2750,0.1296765918343653
5030,0.844877617443455
4303,0.8733308581963928
2560,0.5504956813694976
4446,0.9167115509675573
2122,0.6895074882571228
2624,0.0381795839850085
4423,0.8487501886244203
580,0.34593788900901895
3426,0.526904339873229
4983,0.054389438866857834
3767,0.4474620045919503
3306,0.0765398777488
1647,0.44863153524604893
567,0.1426917286311991
2019,0.8041690673791267
112,0.9593225969522905
20,0.12394472571977072
3584,0.8977282301069406
2593,0.7557232905465892
3713,0.05458835928418179
4002,0.10379396281106384
1935,0.18702526022028695
4165,0.8140527782432394
492,0.9423926384177951
233,0.5281552209292517
3885,0.0535544156783504
4379,0.5740804751783323
2667,0.46111012926360906
802,0.24339114646592427
5062,0.04971977015770741
3064,0.8587318495958758
1660,0.784585498474135
3717,0.0940558837018165
1965,0.6955281461383286
3420,0.02654321209643832
220,0.9127391618835754
3914,0.3140595387925188
1109,0.38789234562969876
2871,0.03551137164643393
2003,0.18716940073196595
3771,0.3616594752281826
3959,0.9680890990032269
4865,0.9439056840679892
1700,0.5941115486307222
1865,0.4255526546629281
478,0.03698400785294263
1227,0.9179138365479492
4538,0.12221086050210564
